Display Name,Family,Subfamily,Pref. Family,Pref. Subfamily,Version,Vendor ID,Styles,Width,Weight,Blocks,Characters,Glyphs
Basileia (Regular),Basileia,Regular,,,Version 6.00,PYRS,Regular,5 (Medium),400 (Normal),2,99,100
Elgatino (Regular),Elgatino,Regular,,,Version 6.00,PYRS,Regular,5 (Medium),400 (Normal),2,99,100
Mithril (Regular),Mithril,Regular,,,Version 6.00,PYRS,Regular,5 (Medium),400 (Normal),6,185,187
PARaDOS (Regular),PARaDOS,Regular,,,Version 6.00,PYRS,Regular,5 (Medium),400 (Normal),2,99,100
Rayna (Regular),Rayna,Regular,,,Version 6.00,PYRS,Regular,5 (Medium),400 (Normal),8,217,219
Toshiyana (Regular),Toshiyana,Regular,,,Version 6.00,PYRS,Regular,5 (Medium),400 (Normal),3,100,102
汉仪PP体简 (Regular),汉仪PP体简,Regular,,,Version 5.00,HNYI,Regular,5 (Medium),400 (Normal),34,7911,7912
汉仪白棋体简 (Regular),汉仪白棋体简,Regular,,,Version 3.53,HANY,Regular,5 (Medium),400 (Normal),27,7615,7659
汉仪柏京体简 (Regular),汉仪柏京体简,Regular,,,Version 5.00,HNYI,Regular,5 (Medium),400 (Normal),34,7911,7976
汉仪柏青体繁 (Regular),汉仪柏青体繁,Regular,,,Version 3.53,HANY,Regular,5 (Medium),400 (Normal),27,7615,7659
汉仪柏青体简 (Regular),汉仪柏青体简,Regular,,,Version 3.53,HANY,Regular,5 (Medium),400 (Normal),27,7615,7659
汉仪报宋繁 (Regular),汉仪报宋繁,Regular,,,Version 3.53,HANY,Regular,5 (Medium),400 (Normal),27,8205,8249
汉仪报宋简 (Regular),汉仪报宋简,Regular,,,Version 3.53,HANY,Regular,5 (Medium),400 (Normal),27,8633,8677
汉仪彩蝶体简 (Regular),汉仪彩蝶体简,Regular,,,Version 3.53,HANY,Regular,5 (Medium),400 (Normal),27,7615,7659
汉仪彩云体繁 (Regular),汉仪彩云体繁,Regular,,,Version 3.53,HANY,Regular,5 (Medium),400 (Normal),27,7615,7659
汉仪彩云体简 (Regular),汉仪彩云体简,Regular,,,Version 3.53,HANY,Regular,5 (Medium),400 (Normal),27,7615,7659
汉仪超粗黑繁 (Regular),汉仪超粗黑繁,Regular,,,Version 3.53,HANY,Regular,5 (Medium),400 (Normal),27,7615,7659
汉仪超粗黑简 (Regular),汉仪超粗黑简,Regular,,,Version 3.53,HANY,Regular,5 (Medium),400 (Normal),27,8633,8677
汉仪超粗宋繁 (Regular),汉仪超粗宋繁,Regular,,,Version 3.53,HANY,Regular,5 (Medium),400 (Normal),27,7615,7659
汉仪超粗宋简 (Regular),汉仪超粗宋简,Regular,,,Version 3.53,HANY,Regular,5 (Medium),400 (Normal),27,8633,8677
汉仪超粗圆简 (Regular),汉仪超粗圆简,Regular,,,Version 3.53,HANY,Regular,5 (Medium),400 (Normal),27,7615,7659
汉仪陈频破体简 (Regular),汉仪陈频破体简,Regular,,,Version 3.53,HANY,Regular,5 (Medium),400 (Normal),27,7615,7659
汉仪晨妹子W (Regular),汉仪晨妹子W,Regular,,,Version 5.00,HNYI,Regular,5 (Medium),400 (Normal),34,10316,10317
汉仪晨妹子简 (Regular),汉仪晨妹子简,Regular,,,Version 5.00,HNYI,Regular,5 (Medium),400 (Normal),34,7910,7911
汉仪程行简 (Regular),汉仪程行简,Regular,,,Version 5.00,HNYI,Regular,5 (Medium),400 (Normal),34,7911,7912
汉仪粗仿宋简 (Regular),汉仪粗仿宋简,Regular,,,Version 3.53,HANY,Regular,5 (Medium),400 (Normal),27,7615,7659
汉仪粗黑B5 (Regular),汉仪粗黑B5,Regular,,,Version 5.00,HNYI,Regular,5 (Medium),400 (Normal),35,14228,14229
汉仪粗黑繁 (Regular),汉仪粗黑繁,Regular,,,Version 3.53,HANY,Regular,5 (Medium),400 (Normal),27,7615,7659
汉仪粗黑简 (Regular),汉仪粗黑简,Regular,,,Version 3.53,HANY,Regular,5 (Medium),400 (Normal),27,7615,7659
汉仪粗简黑繁 (Regular),汉仪粗简黑繁,Regular,,,Version 5.00,HNYI,Regular,5 (Medium),400 (Normal),34,7911,7912
汉仪粗简黑简 (Regular),汉仪粗简黑简,Regular,,,Version 5.00,HNYI,Regular,5 (Medium),400 (Normal),34,7911,7912
汉仪粗宋繁 (Regular),汉仪粗宋繁,Regular,,,Version 3.53,HANY,Regular,5 (Medium),400 (Normal),27,7615,7659
汉仪粗宋简 (Regular),汉仪粗宋简,Regular,,,Version 3.53,HANY,Regular,5 (Medium),400 (Normal),27,7615,7659
汉仪粗圆繁 (Regular),汉仪粗圆繁,Regular,,,Version 3.53,HANY,Regular,5 (Medium),400 (Normal),27,7615,7659
汉仪粗圆简 (Regular),汉仪粗圆简,Regular,,,Version 3.53,HANY,Regular,5 (Medium),400 (Normal),27,8633,8677
汉仪粗篆繁 (Regular),汉仪粗篆繁,Regular,,,Version 3.53,HANY,Regular,5 (Medium),400 (Normal),27,7615,7659
汉仪大黑 (Regular),汉仪大黑,Regular,,,Version 3.53,HANY,Regular,5 (Medium),400 (Normal),35,28723,28724
汉仪大黑繁 (Regular),汉仪大黑繁,Regular,,,Version 3.53,HANY,Regular,5 (Medium),400 (Normal),27,8205,8249
汉仪大黑简 (Regular),汉仪大黑简,Regular,,,Version 3.53,HANY,Regular,5 (Medium),400 (Normal),27,7615,7659
汉仪大隶书繁 (Regular),汉仪大隶书繁,Regular,,,Version 3.53,HANY,Regular,5 (Medium),400 (Normal),27,8205,8249
汉仪大隶书简 (Regular),汉仪大隶书简,Regular,,,Version 3.53,HANY,Regular,5 (Medium),400 (Normal),27,7615,7659
汉仪大圣体简 (Regular),汉仪大圣体简,Regular,,,Version 5.00,HNYI,Regular,5 (Medium),400 (Normal),20,7626,7627
汉仪大宋繁 (Regular),汉仪大宋繁,Regular,,,Version 3.53,HANY,Regular,5 (Medium),400 (Normal),27,7615,7659
汉仪大宋简 (Regular),汉仪大宋简,Regular,,,Version 3.53,HANY,Regular,5 (Medium),400 (Normal),27,8633,8677
汉仪黛玉体简 (Regular),汉仪黛玉体简,Regular,,,Version 3.53,HANY,Regular,5 (Medium),400 (Normal),27,7615,7659
汉仪典雅体繁 (Regular),汉仪典雅体繁,Regular,,,Version 5.00,HNYI,Regular,5 (Medium),400 (Normal),34,7911,7912
汉仪典雅体简 (Regular),汉仪典雅体简,Regular,,,Version 5.00,HNYI,Regular,5 (Medium),400 (Normal),34,7911,7912
汉仪蝶语体简 (Regular),汉仪蝶语体简,Regular,,,Version 3.53,HANY,Regular,5 (Medium),400 (Normal),27,7615,7659
汉仪嘟嘟体简 (Regular),汉仪嘟嘟体简,Regular,,,Version 3.53,HANY,Regular,5 (Medium),400 (Normal),27,7615,7659
汉仪范笑歌隶书繁 (Regular),汉仪范笑歌隶书繁,Regular,,,Version 3.53,HANY,Regular,5 (Medium),400 (Normal),28,7596,7597
汉仪范笑歌隶书简 (Regular),汉仪范笑歌隶书简,Regular,,,Version 3.53,HANY,Regular,5 (Medium),400 (Normal),29,7597,7597
汉仪方叠体繁 (Regular),汉仪方叠体繁,Regular,,,Version 3.53,HANY,Regular,5 (Medium),400 (Normal),27,7615,7659
汉仪方叠体简 (Regular),汉仪方叠体简,Regular,,,Version 3.53,HANY,Regular,5 (Medium),400 (Normal),27,7615,7659
汉仪方隶简 (Regular),汉仪方隶简,Regular,,,Version 3.53,HANY,Regular,5 (Medium),400 (Normal),27,7615,7659
汉仪方墨体繁 (Regular),汉仪方墨体繁,Regular,,,Version 3.53,HANY,Regular,5 (Medium),400 (Normal),29,7597,7597
汉仪方墨体简 (Regular),汉仪方墨体简,Regular,,,Version 3.53,HANY,Regular,5 (Medium),400 (Normal),29,7597,7597
汉仪仿宋S (Regular),汉仪仿宋S,Regular,,,Version 5.00,HNYI,Regular,5 (Medium),400 (Normal),37,28681,28682
汉仪仿宋繁 (Regular),汉仪仿宋繁,Regular,,,Version 3.53,HANY,Regular,5 (Medium),400 (Normal),27,8205,8249
汉仪仿宋简 (Regular),汉仪仿宋简,Regular,,,Version 3.53,HANY,Regular,5 (Medium),400 (Normal),27,8633,8677
汉仪橄榄体繁 (Regular),汉仪橄榄体繁,Regular,,,Version 3.53,HANY,Regular,5 (Medium),400 (Normal),27,7615,7659
汉仪橄榄体简 (Regular),汉仪橄榄体简,Regular,,,Version 3.53,HANY,Regular,5 (Medium),400 (Normal),27,7615,7659
汉仪刚艺体-35W (Thin),汉仪刚艺体-35W,Thin,汉仪刚艺体,35W,Version 5.00,HNYI,Regular,5 (Medium),200 (Extra-light),34,10413,10414
汉仪刚艺体-45W (Light),汉仪刚艺体-45W,Light,汉仪刚艺体,45W,Version 5.00,HNYI,Regular,5 (Medium),300 (Light),34,10413,10414
汉仪刚艺体-55W (Regular),汉仪刚艺体-55W,Regular,汉仪刚艺体,55W,Version 5.00,HNYI,Regular,5 (Medium),400 (Normal),34,10413,10414
汉仪刚艺体-65W (Medium),汉仪刚艺体-65W,Medium,汉仪刚艺体,65W,Version 5.00,HNYI,Regular,5 (Medium),500 (Medium),34,10413,10414
汉仪刚艺体-75W (Bold),汉仪刚艺体-75W,Bold,汉仪刚艺体,75W,Version 5.00,HNYI,Regular,5 (Medium),600 (Semi-bold),34,10413,10414
汉仪刚艺体-85W (Heavy),汉仪刚艺体-85W,Heavy,汉仪刚艺体,85W,Version 5.00,HNYI,Regular,5 (Medium),700 (Bold),34,10413,10414
汉仪刚艺体-95W (ExtraBlack),汉仪刚艺体-95W,ExtraBlack,汉仪刚艺体,95W,Version 5.00,HNYI,Regular,5 (Medium),900 (Black),34,10413,10414
汉仪高铚谦体繁 (Regular),汉仪高铚谦体繁,Regular,,,Version 3.53,HANY,Regular,5 (Medium),400 (Normal),29,7598,7598
汉仪高铚谦体简 (Regular),汉仪高铚谦体简,Regular,,,Version 3.53,HANY,Regular,5 (Medium),400 (Normal),29,7598,7598
汉仪国强行书W (Regular),汉仪国强行书W,Regular,,,Version 5.01,HNYI,Regular,5 (Medium),400 (Normal),23,9925,9900
汉仪哈哈体简 (Regular),汉仪哈哈体简,Regular,,,Version 3.53,HANY,Regular,5 (Medium),400 (Normal),27,7615,7659
汉仪海纹体繁 (Regular),汉仪海纹体繁,Regular,,,Version 3.53,HANY,Regular,5 (Medium),400 (Normal),29,7597,7597
汉仪海纹体简 (Regular),汉仪海纹体简,Regular,,,Version 3.53,HANY,Regular,5 (Medium),400 (Normal),29,7597,7597
汉仪海韵体简 (Regular),汉仪海韵体简,Regular,,,Version 3.53,HANY,Regular,5 (Medium),400 (Normal),27,7615,7659
汉仪寒石粗体繁 (Regular),汉仪寒石粗体繁,Regular,,,Version 5.00,HNYI,Regular,5 (Medium),400 (Normal),34,7911,7912
汉仪寒石粗体简 (Regular),汉仪寒石粗体简,Regular,,,Version 5.00,HNYI,Regular,5 (Medium),400 (Normal),34,7911,7912
汉仪寒石体繁 (Regular),汉仪寒石体繁,Regular,,,Version 5.00,HNYI,Regular,5 (Medium),400 (Normal),34,7911,7912
汉仪寒石体简 (Regular),汉仪寒石体简,Regular,,,Version 5.00,HNYI,Regular,5 (Medium),400 (Normal),34,7911,7912
汉仪行楷繁 (Regular),汉仪行楷繁,Regular,,,Version 3.53,HANY,Regular,5 (Medium),400 (Normal),27,8205,8249
汉仪行楷简 (Regular),汉仪行楷简,Regular,,,Version 3.53,HANY,Regular,5 (Medium),400 (Normal),27,7615,7659
汉仪合龙行书W (Regular),汉仪合龙行书W,Regular,,,Version 5.01,HNYI,Regular,5 (Medium),400 (Normal),23,9924,9899
汉仪黑荔枝体简 (Regular),汉仪黑荔枝体简,Regular,,,Version 5.00,HNYI,Regular,5 (Medium),400 (Normal),34,7911,7912
汉仪黑咪体繁 (Regular),汉仪黑咪体繁,Regular,,,Version 3.53,HANY,Regular,5 (Medium),400 (Normal),27,7615,7659
汉仪黑咪体简 (Regular),汉仪黑咪体简,Regular,,,Version 3.53,HANY,Regular,5 (Medium),400 (Normal),27,7615,7659
汉仪黑棋体简 (Regular),汉仪黑棋体简,Regular,,,Version 3.53,HANY,Regular,5 (Medium),400 (Normal),27,7615,7659
汉仪黑仔体W (Regular),汉仪黑仔体W,Regular,,,Version 5.00,HNYI,Regular,5 (Medium),400 (Normal),16,9665,9666
汉仪琥珀体繁 (Regular),汉仪琥珀体繁,Regular,,,Version 3.53,HANY,Regular,5 (Medium),400 (Normal),27,7615,7659
汉仪琥珀体简 (Regular),汉仪琥珀体简,Regular,,,Version 3.53,HANY,Regular,5 (Medium),400 (Normal),27,7615,7659
汉仪花蝶体简 (Regular),汉仪花蝶体简,Regular,,,Version 3.53,HANY,Regular,5 (Medium),400 (Normal),27,7615,7659
汉仪花农体简 (Regular),汉仪花农体简,Regular,,,Version 5.00,HNYI,Regular,5 (Medium),400 (Normal),34,7911,7912
汉仪火柴体简 (Regular),汉仪火柴体简,Regular,,,Version 3.53,HANY,Regular,5 (Medium),400 (Normal),27,7615,7659
汉仪家书繁 (Regular),汉仪家书繁,Regular,,,Version 3.53,HANY,Regular,5 (Medium),400 (Normal),27,7615,7659
汉仪家书简 (Regular),汉仪家书简,Regular,,,Version 3.53,HANY,Regular,5 (Medium),400 (Normal),27,7615,7659
汉仪锦昌体简 (Regular),汉仪锦昌体简,Regular,,,Version 5.00,HNYI,Regular,5 (Medium),400 (Normal),34,7911,7912
汉仪劲楷简 (Regular),汉仪劲楷简,Regular,,,Version 5.00,HNYI,Regular,5 (Medium),400 (Normal),34,7911,7912
汉仪楷体S (Regular),汉仪楷体S,Regular,,,Version 5.00,HNYI,Regular,5 (Medium),400 (Normal),37,28681,28682
汉仪楷体繁 (Regular),汉仪楷体繁,Regular,,,Version 3.53,HANY,Regular,5 (Medium),400 (Normal),27,8148,8192
汉仪楷体简 (Regular),汉仪楷体简,Regular,,,Version 3.53,HANY,Regular,5 (Medium),400 (Normal),27,8148,8192
汉仪乐喵体W (Regular),汉仪乐喵体W,Regular,,,Version 5.00,HNYI,Regular,5 (Medium),400 (Normal),34,10317,10318
汉仪乐喵体简 (Regular),汉仪乐喵体简,Regular,,,Version 5.00,HNYI,Regular,5 (Medium),400 (Normal),34,7911,7912
汉仪力量黑简 (Regular),汉仪力量黑简,Regular,,,Version 5.00,HNYI,Regular,5 (Medium),400 (Normal),34,7911,7912
汉仪立黑简 (Regular),汉仪立黑简,Regular,,,Version 3.53,HANY,Regular,5 (Medium),400 (Normal),27,7615,7659
汉仪良品线粗简 (Regular),汉仪良品线粗简,Regular,,,Version 5.00,HNYI,Regular,5 (Medium),400 (Normal),33,7896,7897
汉仪良品线简 (Regular),汉仪良品线简,Regular,,,Version 5.00,HNYI,Regular,5 (Medium),400 (Normal),33,7896,7897
汉仪凌波体繁 (Regular),汉仪凌波体繁,Regular,,,Version 3.53,HANY,Regular,5 (Medium),400 (Normal),27,7615,7659
汉仪凌波体简 (Regular),汉仪凌波体简,Regular,,,Version 3.53,HANY,Regular,5 (Medium),400 (Normal),27,7615,7659
汉仪菱心体繁 (Regular),汉仪菱心体繁,Regular,,,Version 3.53,HANY,Regular,5 (Medium),400 (Normal),27,7615,7659
汉仪菱心体简 (Regular),汉仪菱心体简,Regular,,,Version 3.53,HANY,Regular,5 (Medium),400 (Normal),27,7615,7659
汉仪六字黑简 (Regular),汉仪六字黑简,Regular,,,Version 5.00,HNYI,Regular,5 (Medium),400 (Normal),16,7259,7260
汉仪萝卜体简 (Regular),汉仪萝卜体简,Regular,,,Version 3.53,HANY,Regular,5 (Medium),400 (Normal),27,7615,7659
汉仪漫步体繁 (Regular),汉仪漫步体繁,Regular,,,Version 3.53,HANY,Regular,5 (Medium),400 (Normal),27,7615,7659
汉仪漫步体简 (Regular),汉仪漫步体简,Regular,,,Version 3.53,HANY,Regular,5 (Medium),400 (Normal),27,7615,7659
汉仪咪咪体繁 (Regular),汉仪咪咪体繁,Regular,,,Version 3.53,HANY,Regular,5 (Medium),400 (Normal),27,7615,7659
汉仪咪咪体简 (Regular),汉仪咪咪体简,Regular,,,Version 3.53,HANY,Regular,5 (Medium),400 (Normal),27,7615,7659
汉仪喵魂体W (Regular),汉仪喵魂体W,Regular,,,Version 5.00,HNYI,Regular,5 (Medium),400 (Normal),19,9706,9707
汉仪南宫体简 (Regular),汉仪南宫体简,Regular,,,Version 3.53,HANY,Regular,5 (Medium),400 (Normal),27,7615,7659
汉仪霹雳体简 (Regular),汉仪霹雳体简,Regular,,,Version 3.53,HNYI,Regular,5 (Medium),400 (Normal),28,7596,7597
汉仪平安行粗繁 (Regular),汉仪平安行粗繁,Regular,,,Version 5.00,HNYI,Regular,5 (Medium),400 (Normal),34,7911,7912
汉仪平安行粗简 (Regular),汉仪平安行粗简,Regular,,,Version 5.00,HNYI,Regular,5 (Medium),400 (Normal),34,7911,7912
汉仪平安行繁 (Regular),汉仪平安行繁,Regular,,,Version 5.00,HNYI,Regular,5 (Medium),400 (Normal),34,7911,7912
汉仪平安行简 (Regular),汉仪平安行简,Regular,,,Version 5.00,HNYI,Regular,5 (Medium),400 (Normal),34,7911,7912
汉仪旗黑-25S (Hairline),汉仪旗黑-25S,Hairline,汉仪旗黑,25S,Version 5.01,HNYI,Regular,5 (Medium),400 (Normal),37,28873,28969
汉仪旗黑-25简繁 (Hairline),汉仪旗黑-25简繁,Hairline,汉仪旗黑,25简繁,Version 5.00,HNYI,Regular,5 (Medium),100 (Thin),34,10025,10026
汉仪旗黑-30S (ExtraThin),汉仪旗黑-30S,ExtraThin,汉仪旗黑,30S,Version 5.01,HNYI,Regular,5 (Medium),400 (Normal),37,28873,28969
汉仪旗黑-35S (Thin),汉仪旗黑-35S,Thin,汉仪旗黑,35S,Version 5.01,HNYI,Regular,5 (Medium),100 (Thin),37,28873,28969
汉仪旗黑-40S (UltraLight),汉仪旗黑-40S,UltraLight,汉仪旗黑,40S,Version 5.01,HNYI,Regular,5 (Medium),200 (Extra-light),37,28873,28969
汉仪旗黑-45S (ExtraLight),汉仪旗黑-45S,ExtraLight,汉仪旗黑,45S,Version 5.01,HNYI,Regular,5 (Medium),200 (Extra-light),37,28873,28969
汉仪旗黑-50S (Light),汉仪旗黑-50S,Light,汉仪旗黑,50S,Version 5.01,HNYI,Regular,5 (Medium),300 (Light),37,28873,28969
汉仪旗黑-55S (Book),汉仪旗黑-55S,Book,汉仪旗黑,55S,Version 5.01,HNYI,Regular,5 (Medium),400 (Normal),37,28873,28969
汉仪旗黑-60S (Regular),汉仪旗黑-60S,Regular,汉仪旗黑,60S,Version 5.01,HNYI,Regular,5 (Medium),400 (Normal),37,28873,28969
汉仪旗黑-65S (Medium),汉仪旗黑-65S,Medium,汉仪旗黑,65S,Version 5.01,HNYI,Regular,5 (Medium),500 (Medium),37,28873,28969
汉仪旗黑-70S (DemiBold),汉仪旗黑-70S,DemiBold,汉仪旗黑,70S,Version 5.01,HNYI,Regular,5 (Medium),600 (Semi-bold),37,28873,28969
汉仪旗黑-75S (Bold),汉仪旗黑-75S,Bold,汉仪旗黑,75S,Version 5.01,HNYI,Regular,5 (Medium),700 (Bold),37,28873,28969
汉仪旗黑-80S (ExtraBold),汉仪旗黑-80S,ExtraBold,汉仪旗黑,80S,Version 5.01,HNYI,Regular,5 (Medium),400 (Normal),37,28873,28969
汉仪旗黑-85S (Heavy),汉仪旗黑-85S,Heavy,汉仪旗黑,85S,Version 5.01,HNYI,Regular,5 (Medium),900 (Black),37,28873,28969
汉仪旗黑-90S (Black),汉仪旗黑-90S,Black,汉仪旗黑,90S,Version 5.01,HNYI,Regular,5 (Medium),400 (Normal),37,28873,28969
汉仪旗黑-95S (ExtraBlack),汉仪旗黑-95S,ExtraBlack,汉仪旗黑,95S,Version 5.01,HNYI,Regular,5 (Medium),400 (Normal),37,28873,28969
汉仪旗黑-105简繁 (UltraBlack),汉仪旗黑-105简繁,UltraBlack,汉仪旗黑,105简繁,Version 5.01,HNYI,Regular,5 (Medium),400 (Normal),34,10217,10218
汉仪旗黑X1-35W (Thin),汉仪旗黑X1-35W,Thin,汉仪旗黑X1,35W,Version 5.00,HNYI,Regular,5 (Medium),400 (Normal),34,10413,10414
汉仪旗黑X1-45W (ExtraLight),汉仪旗黑X1-45W,ExtraLight,汉仪旗黑X1,45W,Version 5.00,HNYI,Regular,5 (Medium),400 (Normal),34,10413,10414
汉仪旗黑X1-55W (Book),汉仪旗黑X1-55W,Book,汉仪旗黑X1,55W,Version 5.00,HNYI,Regular,5 (Medium),400 (Normal),34,10413,10414
汉仪旗黑X1-65W (Medium),汉仪旗黑X1-65W,Medium,汉仪旗黑X1,65W,Version 5.00,HNYI,Regular,5 (Medium),400 (Normal),34,10413,10414
汉仪旗黑X1-75W (Bold),汉仪旗黑X1-75W,Bold,汉仪旗黑X1,75W,Version 5.00,HNYI,Regular,5 (Medium),400 (Normal),34,10413,10414
汉仪旗黑X1-85W (Heavy),汉仪旗黑X1-85W,Heavy,汉仪旗黑X1,85W,Version 5.00,HNYI,Regular,5 (Medium),400 (Normal),34,10413,10414
汉仪旗黑X1-95W (ExtraBlack),汉仪旗黑X1-95W,ExtraBlack,汉仪旗黑X1,95W,Version 5.00,HNYI,Regular,5 (Medium),400 (Normal),34,10413,10414
汉仪旗黑X2-35W (Thin),汉仪旗黑X2-35W,Thin,汉仪旗黑X2,35W,Version 5.00,HNYI,Regular,5 (Medium),400 (Normal),34,10413,10414
汉仪旗黑X2-45W (ExtraLight),汉仪旗黑X2-45W,ExtraLight,汉仪旗黑X2,45W,Version 5.00,HNYI,Regular,5 (Medium),400 (Normal),34,10413,10414
汉仪旗黑X2-55W (Book),汉仪旗黑X2-55W,Book,汉仪旗黑X2,55W,Version 5.00,HNYI,Regular,5 (Medium),400 (Normal),34,10413,10414
汉仪旗黑X2-65W (Medium),汉仪旗黑X2-65W,Medium,汉仪旗黑X2,65W,Version 5.00,HNYI,Regular,5 (Medium),400 (Normal),34,10413,10414
汉仪旗黑X2-75W (Bold),汉仪旗黑X2-75W,Bold,汉仪旗黑X2,75W,Version 5.00,HNYI,Regular,5 (Medium),400 (Normal),34,10413,10414
汉仪旗黑X2-85W (Heavy),汉仪旗黑X2-85W,Heavy,汉仪旗黑X2,85W,Version 5.00,HNYI,Regular,5 (Medium),400 (Normal),34,10413,10414
汉仪旗黑X2-95W (ExtraBlack),汉仪旗黑X2-95W,ExtraBlack,汉仪旗黑X2,95W,Version 5.00,HNYI,Regular,5 (Medium),400 (Normal),34,10413,10414
汉仪旗黑X3-35W (Thin),汉仪旗黑X3-35W,Thin,汉仪旗黑X3,35W,Version 5.00,HNYI,Regular,5 (Medium),400 (Normal),34,10413,10414
汉仪旗黑X3-45W (ExtraLight),汉仪旗黑X3-45W,ExtraLight,汉仪旗黑X3,45W,Version 5.00,HNYI,Regular,5 (Medium),400 (Normal),34,10413,10414
汉仪旗黑X3-55W (Book),汉仪旗黑X3-55W,Book,汉仪旗黑X3,55W,Version 5.00,HNYI,Regular,5 (Medium),400 (Normal),34,10413,10414
汉仪旗黑X3-65W (Medium),汉仪旗黑X3-65W,Medium,汉仪旗黑X3,65W,Version 5.00,HNYI,Regular,5 (Medium),400 (Normal),34,10413,10414
汉仪旗黑X3-75W (Bold),汉仪旗黑X3-75W,Bold,汉仪旗黑X3,75W,Version 5.00,HNYI,Regular,5 (Medium),400 (Normal),34,10413,10414
汉仪旗黑X3-85W (Heavy),汉仪旗黑X3-85W,Heavy,汉仪旗黑X3,85W,Version 5.00,HNYI,Regular,5 (Medium),400 (Normal),34,10413,10414
汉仪旗黑X3-95W (ExtraBlack),汉仪旗黑X3-95W,ExtraBlack,汉仪旗黑X3,95W,Version 5.00,HNYI,Regular,5 (Medium),400 (Normal),34,10413,10414
汉仪旗黑X4-35W (Thin),汉仪旗黑X4-35W,Thin,汉仪旗黑X4,35W,Version 5.00,HNYI,Regular,5 (Medium),400 (Normal),34,10413,10414
汉仪旗黑X4-45W (ExtraLight),汉仪旗黑X4-45W,ExtraLight,汉仪旗黑X4,45W,Version 5.00,HNYI,Regular,5 (Medium),400 (Normal),34,10413,10414
汉仪旗黑X4-55W (Book),汉仪旗黑X4-55W,Book,汉仪旗黑X4,55W,Version 5.00,HNYI,Regular,5 (Medium),400 (Normal),34,10413,10414
汉仪旗黑X4-65W (Medium),汉仪旗黑X4-65W,Medium,汉仪旗黑X4,65W,Version 5.00,HNYI,Regular,5 (Medium),400 (Normal),34,10413,10414
汉仪旗黑X4-75W (Bold),汉仪旗黑X4-75W,Bold,汉仪旗黑X4,75W,Version 5.00,HNYI,Regular,5 (Medium),400 (Normal),34,10413,10414
汉仪旗黑X4-85W (Heavy),汉仪旗黑X4-85W,Heavy,汉仪旗黑X4,85W,Version 5.00,HNYI,Regular,5 (Medium),400 (Normal),34,10413,10414
汉仪旗黑X4-95W (ExtraBlack),汉仪旗黑X4-95W,ExtraBlack,汉仪旗黑X4,95W,Version 5.00,HNYI,Regular,5 (Medium),400 (Normal),34,10413,10414
汉仪旗黑Y1-35W (Thin),汉仪旗黑Y1-35W,Thin,汉仪旗黑Y1,35W,Version 5.00,HNYI,Regular,5 (Medium),400 (Normal),34,10413,10414
汉仪旗黑Y1-45W (ExtraLight),汉仪旗黑Y1-45W,ExtraLight,汉仪旗黑Y1,45W,Version 5.00,HNYI,Regular,5 (Medium),400 (Normal),34,10413,10414
汉仪旗黑Y1-55W (Book),汉仪旗黑Y1-55W,Book,汉仪旗黑Y1,55W,Version 5.00,HNYI,Regular,5 (Medium),400 (Normal),34,10413,10414
汉仪旗黑Y1-65W (Medium),汉仪旗黑Y1-65W,Medium,汉仪旗黑Y1,65W,Version 5.00,HNYI,Regular,5 (Medium),400 (Normal),34,10413,10414
汉仪旗黑Y1-75W (Bold),汉仪旗黑Y1-75W,Bold,汉仪旗黑Y1,75W,Version 5.00,HNYI,Regular,5 (Medium),400 (Normal),34,10413,10414
汉仪旗黑Y1-85W (Heavy),汉仪旗黑Y1-85W,Heavy,汉仪旗黑Y1,85W,Version 5.00,HNYI,Regular,5 (Medium),400 (Normal),34,10413,10414
汉仪旗黑Y1-95W (ExtraBlack),汉仪旗黑Y1-95W,ExtraBlack,汉仪旗黑Y1,95W,Version 5.00,HNYI,Regular,5 (Medium),400 (Normal),34,10413,10414
汉仪旗黑Y2-35W (Thin),汉仪旗黑Y2-35W,Thin,汉仪旗黑Y2,35W,Version 5.00,HNYI,Regular,5 (Medium),400 (Normal),34,10413,10414
汉仪旗黑Y2-45W (ExtraLight),汉仪旗黑Y2-45W,ExtraLight,汉仪旗黑Y2,45W,Version 5.00,HNYI,Regular,5 (Medium),400 (Normal),34,10413,10414
汉仪旗黑Y2-55W (Book),汉仪旗黑Y2-55W,Book,汉仪旗黑Y2,55W,Version 5.00,HNYI,Regular,5 (Medium),400 (Normal),34,10413,10414
汉仪旗黑Y2-65W (Medium),汉仪旗黑Y2-65W,Medium,汉仪旗黑Y2,65W,Version 5.00,HNYI,Regular,5 (Medium),400 (Normal),34,10413,10414
汉仪旗黑Y2-75W (Bold),汉仪旗黑Y2-75W,Bold,汉仪旗黑Y2,75W,Version 5.00,HNYI,Regular,5 (Medium),400 (Normal),34,10413,10414
汉仪旗黑Y2-85W (Heavy),汉仪旗黑Y2-85W,Heavy,汉仪旗黑Y2,85W,Version 5.00,HNYI,Regular,5 (Medium),400 (Normal),34,10413,10414
汉仪旗黑Y2-95W (ExtraBlack),汉仪旗黑Y2-95W,ExtraBlack,汉仪旗黑Y2,95W,Version 5.00,HNYI,Regular,5 (Medium),400 (Normal),34,10413,10414
汉仪旗黑Y3-35W (Thin),汉仪旗黑Y3-35W,Thin,汉仪旗黑Y3,35W,Version 5.00,HNYI,Regular,5 (Medium),400 (Normal),34,10413,10414
汉仪旗黑Y3-45W (ExtraLight),汉仪旗黑Y3-45W,ExtraLight,汉仪旗黑Y3,45W,Version 5.00,HNYI,Regular,5 (Medium),400 (Normal),34,10413,10414
汉仪旗黑Y3-55W (Book),汉仪旗黑Y3-55W,Book,汉仪旗黑Y3,55W,Version 5.00,HNYI,Regular,5 (Medium),400 (Normal),34,10413,10414
汉仪旗黑Y3-65W (Medium),汉仪旗黑Y3-65W,Medium,汉仪旗黑Y3,65W,Version 5.00,HNYI,Regular,5 (Medium),400 (Normal),34,10413,10414
汉仪旗黑Y3-75W (Bold),汉仪旗黑Y3-75W,Bold,汉仪旗黑Y3,75W,Version 5.00,HNYI,Regular,5 (Medium),400 (Normal),34,10413,10414
汉仪旗黑Y3-85W (Heavy),汉仪旗黑Y3-85W,Heavy,汉仪旗黑Y3,85W,Version 5.00,HNYI,Regular,5 (Medium),400 (Normal),34,10413,10414
汉仪旗黑Y3-95W (ExtraBlack),汉仪旗黑Y3-95W,ExtraBlack,汉仪旗黑Y3,95W,Version 5.00,HNYI,Regular,5 (Medium),400 (Normal),34,10413,10414
汉仪旗黑Y4-35W (Thin),汉仪旗黑Y4-35W,Thin,汉仪旗黑Y4,35W,Version 5.00,HNYI,Regular,5 (Medium),400 (Normal),34,10413,10414
汉仪旗黑Y4-45W (ExtraLight),汉仪旗黑Y4-45W,ExtraLight,汉仪旗黑Y4,45W,Version 5.00,HNYI,Regular,5 (Medium),400 (Normal),34,10413,10414
汉仪旗黑Y4-55W (Book),汉仪旗黑Y4-55W,Book,汉仪旗黑Y4,55W,Version 5.00,HNYI,Regular,5 (Medium),400 (Normal),34,10413,10414
汉仪旗黑Y4-65W (Medium),汉仪旗黑Y4-65W,Medium,汉仪旗黑Y4,65W,Version 5.00,HNYI,Regular,5 (Medium),400 (Normal),34,10413,10414
汉仪旗黑Y4-75W (Bold),汉仪旗黑Y4-75W,Bold,汉仪旗黑Y4,75W,Version 5.00,HNYI,Regular,5 (Medium),400 (Normal),34,10413,10414
汉仪旗黑Y4-85W (Heavy),汉仪旗黑Y4-85W,Heavy,汉仪旗黑Y4,85W,Version 5.00,HNYI,Regular,5 (Medium),400 (Normal),34,10413,10414
汉仪旗黑Y4-95W (ExtraBlack),汉仪旗黑Y4-95W,ExtraBlack,汉仪旗黑Y4,95W,Version 5.00,HNYI,Regular,5 (Medium),400 (Normal),34,10413,10414
汉仪麒麟体繁 (Regular),汉仪麒麟体繁,Regular,,,Version 3.53,HANY,Regular,5 (Medium),400 (Normal),29,7597,7597
汉仪麒麟体简 (Regular),汉仪麒麟体简,Regular,,,Version 3.53,HANY,Regular,5 (Medium),400 (Normal),29,7597,7597
汉仪清庭-55简 (Regular),汉仪清庭-55简,Regular,HYQingTing,55J,Version 5.00,HNYI,Regular,5 (Medium),400 (Normal),34,7911,7912
汉仪清雅体繁 (Regular),汉仪清雅体繁,Regular,,,Version 5.00,HNYI,Regular,5 (Medium),400 (Normal),34,7911,7912
汉仪清雅体简 (Regular),汉仪清雅体简,Regular,,,Version 5.00,HNYI,Regular,5 (Medium),400 (Normal),34,7911,7912
汉仪清韵体简 (Regular),汉仪清韵体简,Regular,,,Version 3.53,HANY,Regular,5 (Medium),400 (Normal),27,7615,7659
汉仪晴空体W (Regular),汉仪晴空体W,Regular,,,Version 5.00,HNYI,Regular,5 (Medium),400 (Normal),34,10392,10393
汉仪晴空体繁 (Regular),汉仪晴空体繁,Regular,,,Version 5.00,HNYI,Regular,5 (Medium),400 (Normal),34,7911,7912
汉仪晴空体简 (Regular),汉仪晴空体简,Regular,,,Version 5.00,HNYI,Regular,5 (Medium),400 (Normal),34,7911,7912
汉仪趣黑W (Regular),汉仪趣黑W,Regular,,,Version 5.00,HNYI,Regular,5 (Medium),400 (Normal),16,9664,9665
汉仪全唐诗繁 (Regular),汉仪全唐诗繁,Regular,,,Version 5.00,HNYI,Regular,5 (Medium),400 (Normal),34,7911,7912
汉仪全唐诗简 (Regular),汉仪全唐诗简,Regular,,,Version 5.00,HNYI,Regular,5 (Medium),400 (Normal),34,7911,7912
汉仪瑞意宋W (Regular),汉仪瑞意宋W,Regular,,,Version 5.00,HNYI,Regular,5 (Medium),400 (Normal),34,10413,10414
汉仪润圆-35W (Thin),汉仪润圆-35W,Thin,汉仪润圆,35W,Version 5.00,HNYI,Regular,5 (Medium),100 (Thin),34,10322,10323
汉仪润圆-45W (ExtraLight),汉仪润圆-45W,ExtraLight,汉仪润圆,45W,Version 5.00,HNYI,Regular,5 (Medium),200 (Extra-light),34,10322,10323
汉仪润圆-55W (Book),汉仪润圆-55W,Book,汉仪润圆,55W,Version 5.00,HNYI,Regular,5 (Medium),400 (Normal),34,10322,10323
汉仪润圆-65W (Medium),汉仪润圆-65W,Medium,汉仪润圆,65W,Version 5.00,HNYI,Regular,5 (Medium),500 (Medium),34,10322,10323
汉仪润圆-75W (Bold),汉仪润圆-75W,Bold,汉仪润圆,75W,Version 5.00,HNYI,Regular,5 (Medium),700 (Bold),34,10322,10323
汉仪尚巍手书W (Regular),汉仪尚巍手书W,Regular,,,,HNYI,Regular,5 (Medium),400 (Normal),26,10073,10144
汉仪神工体简 (Regular),汉仪神工体简,Regular,,,Version 3.53,HANY,Regular,5 (Medium),400 (Normal),27,7615,7659
汉仪时光体W (Regular),汉仪时光体W,Regular,,,Version 5.00,HNYI,Regular,5 (Medium),400 (Normal),33,10158,10159
汉仪瘦金书繁 (Regular),汉仪瘦金书繁,Regular,,,Version 3.53,HANY,Regular,5 (Medium),400 (Normal),27,7615,7659
汉仪瘦金书简 (Regular),汉仪瘦金书简,Regular,,,Version 3.53,HANY,Regular,5 (Medium),400 (Normal),27,7615,7659
汉仪书魂体简 (Regular),汉仪书魂体简,Regular,,,Version 3.53,HANY,Regular,5 (Medium),400 (Normal),27,7615,7659
汉仪书宋二S (Regular),汉仪书宋二S,Regular,,,Version 5.00,HNYI,Regular,5 (Medium),400 (Normal),37,28681,28682
汉仪书宋二繁 (Regular),汉仪书宋二繁,Regular,,,Version 3.53,HANY,Regular,5 (Medium),400 (Normal),27,8205,8249
汉仪书宋二简 (Regular),汉仪书宋二简,Regular,,,Version 3.53,HANY,Regular,5 (Medium),400 (Normal),27,8633,8677
汉仪书宋一繁 (Regular),汉仪书宋一繁,Regular,,,Version 3.53,HANY,Regular,5 (Medium),400 (Normal),27,8205,8249
汉仪书宋一简 (Regular),汉仪书宋一简,Regular,,,Version 3.53,HANY,Regular,5 (Medium),400 (Normal),27,8633,8677
汉仪舒同体繁 (Regular),汉仪舒同体繁,Regular,,,Version 3.53,HANY,Regular,5 (Medium),400 (Normal),27,7615,7659
汉仪舒同体简 (Regular),汉仪舒同体简,Regular,,,Version 3.53,HANY,Regular,5 (Medium),400 (Normal),27,7615,7659
汉仪舒圆黑简 (Regular),汉仪舒圆黑简,Regular,,,Version 5.00,HNYI,Regular,5 (Medium),400 (Normal),34,7911,7912
汉仪帅线体W (Regular),汉仪帅线体W,Regular,,,Version 5.00,HNYI,Regular,5 (Medium),400 (Normal),33,10158,10159
汉仪双线体繁 (Regular),汉仪双线体繁,Regular,,,Version 3.53,HANY,Regular,5 (Medium),400 (Normal),27,7615,7659
汉仪双线体简 (Regular),汉仪双线体简,Regular,,,Version 3.53,HANY,Regular,5 (Medium),400 (Normal),27,7615,7659
汉仪水波体简 (Regular),汉仪水波体简,Regular,,,Version 3.53,HANY,Regular,5 (Medium),400 (Normal),27,7615,7659
汉仪水滴体繁 (Regular),汉仪水滴体繁,Regular,,,Version 3.53,HANY,Regular,5 (Medium),400 (Normal),27,7615,7659
汉仪水滴体简 (Regular),汉仪水滴体简,Regular,,,Version 3.53,HANY,Regular,5 (Medium),400 (Normal),27,7615,7659
汉仪宋韵朗黑W (Regular),汉仪宋韵朗黑W,Regular,,,Version 5.00,HNYI,Regular,5 (Medium),400 (Normal),34,10413,10414
汉仪太极体简 (Regular),汉仪太极体简,Regular,,,Version 3.53,HANY,Regular,5 (Medium),400 (Normal),27,7615,7659
汉仪糖糖粗体简 (Regular),汉仪糖糖粗体简,Regular,,,Version 5.00,HNYI,Regular,5 (Medium),400 (Normal),34,7911,7912
汉仪糖糖体简 (Regular),汉仪糖糖体简,Regular,,,Version 5.00,HNYI,Regular,5 (Medium),400 (Normal),34,7911,7912
汉仪特细等线简 (Regular),汉仪特细等线简,Regular,,,Version 3.53,HANY,Regular,5 (Medium),400 (Normal),27,7615,7659
汉仪跳跳体简 (Regular),汉仪跳跳体简,Regular,,,Version 5.00,HNYI,Regular,5 (Medium),400 (Normal),34,7911,7912
汉仪铁山隶书繁 (Regular),汉仪铁山隶书繁,Regular,,,Version 3.53,HANY,Regular,5 (Medium),400 (Normal),29,7597,7597
汉仪铁山隶书简 (Regular),汉仪铁山隶书简,Regular,,,Version 3.53,HNYI,Regular,5 (Medium),400 (Normal),29,7597,7597
汉仪铁线黑-35简 (Thin),汉仪铁线黑-35简,Thin,汉仪铁线黑,35简,Version 5.00,HNYI,Regular,5 (Medium),400 (Normal),34,8007,8008
汉仪铁线黑-45简 (Light),汉仪铁线黑-45简,Light,汉仪铁线黑,45简,Version 5.00,HNYI,Regular,5 (Medium),400 (Normal),34,8007,8008
汉仪铁线黑-55简 (Regular),汉仪铁线黑-55简,Regular,汉仪铁线黑,55简,Version 5.00,HNYI,Regular,5 (Medium),400 (Normal),34,8007,8008
汉仪铁线黑-65简 (Medium),汉仪铁线黑-65简,Medium,汉仪铁线黑,65简,Version 5.00,HNYI,Regular,5 (Medium),400 (Normal),34,8007,8008
汉仪铁线黑-75简 (Bold),汉仪铁线黑-75简,Bold,汉仪铁线黑,75简,Version 5.00,HNYI,Regular,5 (Medium),400 (Normal),34,8007,8008
汉仪铁线黑-85简 (Heavy),汉仪铁线黑-85简,Heavy,汉仪铁线黑,85简,Version 5.00,HNYI,Regular,5 (Medium),400 (Normal),34,8007,8008
汉仪娃娃篆简 (Regular),汉仪娃娃篆简,Regular,,,Version 3.53,HANY,Regular,5 (Medium),400 (Normal),27,7615,7659
汉仪歪歪体简 (Regular),汉仪歪歪体简,Regular,,,Version 5.00,HNYI,Regular,5 (Medium),400 (Normal),34,7911,7912
汉仪魏碑繁 (Regular),汉仪魏碑繁,Regular,,,Version 3.53,HANY,Regular,5 (Medium),400 (Normal),27,7615,7659
汉仪魏碑简 (Regular),汉仪魏碑简,Regular,,,Version 3.53,HANY,Regular,5 (Medium),400 (Normal),27,7615,7659
汉仪文黑-35W (Thin),汉仪文黑-35W,Thin,汉仪文黑,35W,Version 5.00,HNYI,Regular,5 (Medium),400 (Normal),34,10315,10316
汉仪文黑-45W (ExtraLight),汉仪文黑-45W,ExtraLight,汉仪文黑,45W,Version 5.00,HNYI,Regular,5 (Medium),400 (Normal),34,10315,10316
汉仪文黑-55W (Book),汉仪文黑-55W,Book,汉仪文黑,55W,Version 5.00,HNYI,Regular,5 (Medium),400 (Normal),34,10315,10316
汉仪文黑-65W (Medium),汉仪文黑-65W,Medium,汉仪文黑,65W,Version 5.00,HNYI,Regular,5 (Medium),400 (Normal),34,10315,10316
汉仪文黑-75W (Bold),汉仪文黑-75W,Bold,汉仪文黑,75W,Version 5.00,HNYI,Regular,5 (Medium),400 (Normal),34,10315,10316
汉仪文黑-85W (Heavy),汉仪文黑-85W,Heavy,汉仪文黑,85W,Version 5.00,HNYI,Regular,5 (Medium),400 (Normal),34,10315,10316
汉仪细等线 (Regular),汉仪细等线,Regular,,,Version 3.53,HANY,Regular,5 (Medium),400 (Normal),35,28723,28724
汉仪细等线繁 (Regular),汉仪细等线繁,Regular,,,Version 3.53,HANY,Regular,5 (Medium),400 (Normal),27,8205,8249
汉仪细等线简 (Regular),汉仪细等线简,Regular,,,Version 5.00,HNYI,Regular,5 (Medium),400 (Normal),27,7616,7617
汉仪细行楷B5 (Regular),汉仪细行楷B5,Regular,,,Version 5.00,HNYI,Regular,5 (Medium),400 (Normal),28,13891,13892
汉仪细行楷W (Regular),汉仪细行楷W,Regular,,,Version 5.00,HNYI,Regular,5 (Medium),400 (Normal),29,10226,10227
汉仪细行楷简 (Regular),汉仪细行楷简,Regular,,,Version 3.53,HANY,Regular,5 (Medium),400 (Normal),27,7615,7659
汉仪细简黑简 (Regular),汉仪细简黑简,Regular,,,Version 5.00,HNYI,Regular,5 (Medium),400 (Normal),34,7911,7912
汉仪细秀体简 (Regular),汉仪细秀体简,Regular,,,Version 5.00,HNYI,Regular,5 (Medium),400 (Normal),34,7911,7912
汉仪细圆繁 (Regular),汉仪细圆繁,Regular,,,Version 3.53,HANY,Regular,5 (Medium),400 (Normal),27,8205,8249
汉仪细圆简 (Regular),汉仪细圆简,Regular,,,Version 3.53,HANY,Regular,5 (Medium),400 (Normal),27,8633,8677
汉仪细中圆繁 (Regular),汉仪细中圆繁,Regular,,,Version 3.53,HANY,Regular,5 (Medium),400 (Normal),27,8205,8249
汉仪细中圆简 (Regular),汉仪细中圆简,Regular,,,Version 3.53,HANY,Regular,5 (Medium),400 (Normal),27,7615,7659
汉仪夏日体W (Regular),汉仪夏日体W,Regular,,,Version 5.00,HNYI,Regular,5 (Medium),400 (Normal),34,10317,10318
汉仪象形兰体 (Regular),汉仪象形兰体,Regular,,,Version 3.53,HNYI,Regular,5 (Medium),400 (Normal),29,1752,1752
汉仪小隶书繁 (Regular),汉仪小隶书繁,Regular,,,Version 3.53,HANY,Regular,5 (Medium),400 (Normal),27,8205,8249
汉仪小隶书简 (Regular),汉仪小隶书简,Regular,,,Version 3.53,HANY,Regular,5 (Medium),400 (Normal),27,7615,7659
汉仪小麦体简 (Regular),汉仪小麦体简,Regular,,,Version 5.00,HNYI,Regular,5 (Medium),400 (Normal),34,7911,7912
汉仪晓波折纸体简 (Regular),汉仪晓波折纸体简,Regular,,,Version 5.00,HNYI,Regular,5 (Medium),400 (Normal),34,7911,7912
汉仪新人文宋W (Regular),汉仪新人文宋W,Regular,,,Version 5.00,HNYI,Regular,5 (Medium),400 (Normal),34,10413,10414
汉仪星宇体繁 (Regular),汉仪星宇体繁,Regular,,,Version 5.00,HNYI,Regular,5 (Medium),400 (Normal),34,7911,7912
汉仪星宇体简 (Regular),汉仪星宇体简,Regular,,,Version 5.00,HNYI,Regular,5 (Medium),400 (Normal),34,7911,7912
汉仪醒示体繁 (Regular),汉仪醒示体繁,Regular,,,Version 3.53,HANY,Regular,5 (Medium),400 (Normal),27,7615,7659
汉仪醒示体简 (Regular),汉仪醒示体简,Regular,,,Version 3.53,HANY,Regular,5 (Medium),400 (Normal),27,7615,7659
汉仪秀英体繁 (Regular),汉仪秀英体繁,Regular,,,Version 3.53,HANY,Regular,5 (Medium),400 (Normal),27,7615,7659
汉仪秀英体简 (Regular),汉仪秀英体简,Regular,,,Version 3.53,HANY,Regular,5 (Medium),400 (Normal),27,7615,7659
汉仪雪峰体繁 (Regular),汉仪雪峰体繁,Regular,,,Version 3.53,HANY,Regular,5 (Medium),400 (Normal),27,7615,7659
汉仪雪峰体简 (Regular),汉仪雪峰体简,Regular,,,Version 3.53,HANY,Regular,5 (Medium),400 (Normal),27,7615,7659
汉仪雪君体繁 (Regular),汉仪雪君体繁,Regular,,,Version 3.53,HANY,Regular,5 (Medium),400 (Normal),27,7615,7659
汉仪雪君体简 (Regular),汉仪雪君体简,Regular,,,Version 3.53,HANY,Regular,5 (Medium),400 (Normal),27,7615,7659
汉仪丫丫体繁 (Regular),汉仪丫丫体繁,Regular,,,Version 3.53,HANY,Regular,5 (Medium),400 (Normal),27,7583,7584
汉仪丫丫体简 (Regular),汉仪丫丫体简,Regular,,,Version 3.53,HANY,Regular,5 (Medium),400 (Normal),27,7615,7659
汉仪雅酷黑W (Regular),汉仪雅酷黑W,Regular,,,Version 5.00,HNYI,Regular,5 (Medium),400 (Normal),31,10189,10190
汉仪闫锐敏行楷W (Regular),汉仪闫锐敏行楷W,Regular,,,Version 5.00,HNYI,Regular,5 (Medium),400 (Normal),23,9924,9899
汉仪颜楷繁 (Regular),汉仪颜楷繁,Regular,,,Version 3.53,HANY,Regular,5 (Medium),400 (Normal),27,7615,7659
汉仪雁翎体简 (Regular),汉仪雁翎体简,Regular,,,Version 3.53,HANY,Regular,5 (Medium),400 (Normal),27,7615,7659
汉仪伊宁隶繁 (Regular),汉仪伊宁隶繁,Regular,,,Version 5.00,HNYI,Regular,5 (Medium),400 (Normal),34,7911,7912
汉仪伊宁隶简 (Regular),汉仪伊宁隶简,Regular,,,Version 5.00,HNYI,Regular,5 (Medium),400 (Normal),34,7911,7912
汉仪意宋W (Regular),汉仪意宋W,Regular,,,Version 5.00,HNYI,Regular,5 (Medium),400 (Normal),34,10413,10414
汉仪悠然体简 (Regular),汉仪悠然体简,Regular,,,Version 5.00,HNYI,Regular,5 (Medium),400 (Normal),34,7911,7912
汉仪元隆黑-35简 (Thin),汉仪元隆黑-35简,Thin,汉仪元隆黑,35J,Version 5.00,HNYI,Regular,5 (Medium),400 (Normal),33,7896,7897
汉仪圆叠体繁 (Regular),汉仪圆叠体繁,Regular,,,Version 3.53,HANY,Regular,5 (Medium),400 (Normal),27,7615,7659
汉仪圆叠体简 (Regular),汉仪圆叠体简,Regular,,,Version 3.53,HANY,Regular,5 (Medium),400 (Normal),27,7615,7659
汉仪长美黑繁 (Regular),汉仪长美黑繁,Regular,,,Version 3.53,HANY,Regular,5 (Medium),400 (Normal),27,7615,7659
汉仪长美黑简 (Regular),汉仪长美黑简,Regular,,,Version 3.53,HANY,Regular,5 (Medium),400 (Normal),27,7615,7659
汉仪长宋繁 (Regular),汉仪长宋繁,Regular,,,Version 3.53,HANY,Regular,5 (Medium),400 (Normal),27,7615,7659
汉仪长宋简 (Regular),汉仪长宋简,Regular,,,Version 3.53,HANY,Regular,5 (Medium),400 (Normal),27,7615,7659
汉仪长艺体繁 (Regular),汉仪长艺体繁,Regular,,,Version 3.53,HANY,Regular,5 (Medium),400 (Normal),27,7615,7659
汉仪长艺体简 (Regular),汉仪长艺体简,Regular,,,Version 3.53,HANY,Regular,5 (Medium),400 (Normal),27,7615,7659
汉仪珍珠隶繁 (Regular),汉仪珍珠隶繁,Regular,,,Version 3.53,HANY,Regular,5 (Medium),400 (Normal),29,7596,7596
汉仪珍珠隶简 (Regular),汉仪珍珠隶简,Regular,,,Version 3.53,HANY,Regular,5 (Medium),400 (Normal),29,7596,7596
汉仪中等线 (Regular),汉仪中等线,Regular,,,Version  3.53,HANY,Regular,5 (Medium),400 (Normal),35,28723,28724
汉仪中等线繁 (Regular),汉仪中等线繁,Regular,,,Version 3.53,HANY,Regular,5 (Medium),400 (Normal),27,8205,8249
汉仪中等线简 (Regular),汉仪中等线简,Regular,,,Version 3.53,HANY,Regular,5 (Medium),400 (Normal),27,7615,7659
汉仪中黑S (Regular),汉仪中黑S,Regular,,,Version 5.00,HNYI,Regular,5 (Medium),400 (Normal),37,28681,28682
汉仪中黑繁 (Regular),汉仪中黑繁,Regular,,,Version 3.53,HANY,Regular,5 (Medium),400 (Normal),27,8205,8249
汉仪中黑简 (Regular),汉仪中黑简,Regular,,,Version 3.53,HANY,Regular,5 (Medium),400 (Normal),27,8633,8677
汉仪中简黑简 (Regular),汉仪中简黑简,Regular,,,Version 5.00,HNYI,Regular,5 (Medium),400 (Normal),34,7911,7912
汉仪中楷简 (Regular),汉仪中楷简,Regular,,,Version 3.53,HANY,Regular,5 (Medium),400 (Normal),27,7615,7659
汉仪中隶书繁 (Regular),汉仪中隶书繁,Regular,,,Version 3.53,HANY,Regular,5 (Medium),400 (Normal),27,7615,7659
汉仪中隶书简 (Regular),汉仪中隶书简,Regular,,,Version 3.53,HANY,Regular,5 (Medium),400 (Normal),27,7615,7659
汉仪中宋S (Regular),汉仪中宋S,Regular,,,Version 5.00,HNYI,Regular,5 (Medium),400 (Normal),37,28681,28682
汉仪中宋繁 (Regular),汉仪中宋繁,Regular,,,Version 3.53,HANY,Regular,5 (Medium),400 (Normal),27,8205,8249
汉仪中宋简 (Regular),汉仪中宋简,Regular,,,Version 3.53,HANY,Regular,5 (Medium),400 (Normal),27,7615,7659
汉仪中秀体简 (Regular),汉仪中秀体简,Regular,,,Version 5.00,HNYI,Regular,5 (Medium),400 (Normal),34,7911,7912
汉仪中圆繁 (Regular),汉仪中圆繁,Regular,,,Version 3.53,HANY,Regular,5 (Medium),400 (Normal),27,8205,8249
汉仪中圆简 (Regular),汉仪中圆简,Regular,,,Version 3.53,HANY,Regular,5 (Medium),400 (Normal),27,7615,7659
汉仪竹节体繁 (Regular),汉仪竹节体繁,Regular,,,Version 3.53,HANY,Regular,5 (Medium),400 (Normal),27,7615,7659
汉仪竹节体简 (Regular),汉仪竹节体简,Regular,,,Version 3.53,HANY,Regular,5 (Medium),400 (Normal),27,7615,7659
汉仪篆书繁 (Regular),汉仪篆书繁,Regular,,,Version 3.53,HANY,Regular,5 (Medium),400 (Normal),27,7615,7659
汉仪字典宋 (Regular),汉仪字典宋,Regular,,,Version  3.53,HANY,Regular,5 (Medium),400 (Normal),35,28723,28724
汉仪字典宋繁 (Regular),汉仪字典宋繁,Regular,,,Version 3.53,HANY,Regular,5 (Medium),400 (Normal),27,8205,8249
汉仪字典宋简 (Regular),汉仪字典宋简,Regular,,,Version 3.53,HANY,Regular,5 (Medium),400 (Normal),27,8633,8677
汉仪综艺体繁 (Regular),汉仪综艺体繁,Regular,,,Version 3.53,HANY,Regular,5 (Medium),400 (Normal),27,7615,7659
汉仪综艺体简 (Regular),汉仪综艺体简,Regular,,,Version 3.53,HANY,Regular,5 (Medium),400 (Normal),27,7615,7659
新蒂黑板报 (Regular),新蒂黑板报,Regular,,,,XD  ,Regular,5 (Medium),400 (Normal),14,7473,7473
新蒂黑板报底字 (Regular),新蒂黑板报底字,Regular,,,Version 1.00 April 1 2016 initial release,XD  ,Regular,5 (Medium),400 (Normal),14,5452,5452
新蒂剪纸体 (Regular),新蒂剪纸体,Regular,,,,STW ,Regular,5 (Medium),400 (Normal),14,7472,7472
新蒂金钟体 (Regular),新蒂金钟体,Regular,,,,XD  ,Regular,5 (Medium),400 (Normal),15,11409,11409
新蒂绿豆体 (Regular),新蒂绿豆体,Regular,,,,XD  ,Regular,5 (Medium),400 (Normal),12,9864,9864
新蒂泡芙体 (Regular),新蒂泡芙体,Regular,,,,XD  ,Regular,5 (Medium),400 (Normal),16,9907,9906
新蒂下午茶基本版 (Regular),新蒂下午茶基本版,Regular,,,Version 1.00 December 31 2012 initial release,HL  ,Regular,5 (Medium),400 (Normal),9,4735,4737
新蒂下午茶体 (Regular),新蒂下午茶体,Regular,,,,XD  ,Regular,5 (Medium),400 (Normal),48,10555,10557
新蒂小丸子体 (Regular),新蒂小丸子体,Regular,,,,XD  ,Regular,5 (Medium),400 (Normal),21,10050,10050
新蒂雪山体 (Regular),新蒂雪山体,Regular,,,,XD  ,Regular,5 (Medium),400 (Normal),11,11185,11185
新蒂赵孟頫体 (Regular),新蒂赵孟頫体,Regular,,,,XD  ,Regular,5 (Medium),400 (Normal),23,22247,22274
